size,n_neurons,n_patterns,stored_labels,noise_level,noise_percent,repetitions,correct,total_trials,accuracy,mean_noisy_similarity,mean_recovered_similarity,std_recovered_similarity
7,49,1,A,0.05,5,10,10,10,1.0,0.9591836734693878,1.0,0.0
7,49,1,A,0.1,10,10,10,10,1.0,0.8979591836734693,1.0,0.0
7,49,1,A,0.15,15,10,10,10,1.0,0.8571428571428571,1.0,0.0
7,49,2,AB,0.05,5,10,20,20,1.0,0.9591836734693875,1.0,0.0
7,49,2,AB,0.1,10,10,20,20,1.0,0.8979591836734692,1.0,0.0
7,49,2,AB,0.15,15,10,19,20,0.95,0.8571428571428571,0.9979591836734695,0.008895712129674853
7,49,3,ABC,0.05,5,10,0,30,0.0,0.9591836734693875,0.9319727891156463,0.04193478913584338
7,49,3,ABC,0.1,10,10,0,30,0.0,0.897959183673469,0.9319727891156463,0.04193478913584338
7,49,3,ABC,0.15,15,10,0,30,0.0,0.8571428571428572,0.9319727891156463,0.04193478913584338
7,49,4,ABCD,0.05,5,10,10,40,0.25,0.9591836734693878,0.9336734693877551,0.05277592057545206
7,49,4,ABCD,0.1,10,10,10,40,0.25,0.8979591836734693,0.9336734693877551,0.05277592057545206
7,49,4,ABCD,0.15,15,10,10,40,0.25,0.8571428571428571,0.9336734693877551,0.05277592057545206
7,49,5,ABCDE,0.05,5,10,0,50,0.0,0.9591836734693879,0.930612244897959,0.03315934042708556
7,49,5,ABCDE,0.1,10,10,0,50,0.0,0.8979591836734694,0.930612244897959,0.03315934042708556
7,49,5,ABCDE,0.15,15,10,0,50,0.0,0.857142857142857,0.930612244897959,0.03315934042708556
7,49,6,ABCDEF,0.05,5,10,9,60,0.15,0.959183673469388,0.951360544217687,0.03457194794095947
7,49,6,ABCDEF,0.1,10,10,10,60,0.16666666666666666,0.8979591836734695,0.9517006802721089,0.034345321255413154
7,49,6,ABCDEF,0.15,15,10,10,60,0.16666666666666666,0.8571428571428569,0.9489795918367345,0.03641203725461941
7,49,7,ABCDEFG,0.05,5,10,0,70,0.0,0.9591836734693877,0.9271137026239066,0.030577517439363027
7,49,7,ABCDEFG,0.1,10,10,0,70,0.0,0.8979591836734695,0.9271137026239066,0.030577517439363027
7,49,7,ABCDEFG,0.15,15,10,0,70,0.0,0.8571428571428568,0.9271137026239066,0.030577517439363027
7,49,8,ABCDEFGH,0.05,5,10,0,80,0.0,0.9591836734693879,0.9336734693877551,0.03345631900154082
7,49,8,ABCDEFGH,0.1,10,10,0,80,0.0,0.8979591836734693,0.9336734693877551,0.03345631900154082
7,49,8,ABCDEFGH,0.15,15,10,0,80,0.0,0.857142857142857,0.9336734693877551,0.03345631900154082
7,49,9,ABCDEFGHI,0.05,5,10,0,90,0.0,0.9591836734693879,0.925170068027211,0.03966633942071634
7,49,9,ABCDEFGHI,0.1,10,10,0,90,0.0,0.8979591836734693,0.925170068027211,0.03966633942071634
7,49,9,ABCDEFGHI,0.15,15,10,0,90,0.0,0.8571428571428571,0.925170068027211,0.03966633942071634
7,49,10,ABCDEFGHIJ,0.05,5,10,6,100,0.06,0.9591836734693878,0.9357142857142857,0.041762003938124743
7,49,10,ABCDEFGHIJ,0.1,10,10,8,100,0.08,0.8979591836734692,0.9367346938775509,0.04117192041190206
7,49,10,ABCDEFGHIJ,0.15,15,10,4,100,0.04,0.8571428571428572,0.9344897959183673,0.039498627921276876
7,49,11,ABCDEFGHIJK,0.05,5,10,0,110,0.0,0.9591836734693877,0.9183673469387754,0.040816326530612256
7,49,11,ABCDEFGHIJK,0.1,10,10,0,110,0.0,0.897959183673469,0.9183673469387754,0.040816326530612256
7,49,11,ABCDEFGHIJK,0.15,15,10,0,110,0.0,0.8571428571428573,0.9183673469387754,0.040816326530612256
7,49,12,ABCDEFGHIJKL,0.05,5,10,10,120,0.08333333333333333,0.959183673469388,0.9166666666666666,0.050306800876697415
7,49,12,ABCDEFGHIJKL,0.1,10,10,10,120,0.08333333333333333,0.8979591836734694,0.9166666666666666,0.050306800876697415
7,49,12,ABCDEFGHIJKL,0.15,15,10,10,120,0.08333333333333333,0.8571428571428572,0.9166666666666666,0.050306800876697415
7,49,13,ABCDEFGHIJKLM,0.05,5,10,10,130,0.07692307692307693,0.9591836734693879,0.9073783359497646,0.05806355418809083
7,49,13,ABCDEFGHIJKLM,0.1,10,10,10,130,0.07692307692307693,0.8979591836734694,0.9073783359497646,0.05806355418809083
7,49,13,ABCDEFGHIJKLM,0.15,15,10,10,130,0.07692307692307693,0.857142857142857,0.9073783359497646,0.05806355418809083
7,49,14,ABCDEFGHIJKLMN,0.05,5,10,0,140,0.0,0.9591836734693877,0.9096209912536444,0.05547025536571559
7,49,14,ABCDEFGHIJKLMN,0.1,10,10,0,140,0.0,0.8979591836734693,0.9096209912536444,0.05547025536571559
7,49,14,ABCDEFGHIJKLMN,0.15,15,10,0,140,0.0,0.857142857142857,0.9096209912536444,0.05547025536571559
7,49,15,ABCDEFGHIJKLMNO,0.05,5,10,0,150,0.0,0.9591836734693877,0.9074829931972789,0.054183150344870416
7,49,15,ABCDEFGHIJKLMNO,0.1,10,10,0,150,0.0,0.897959183673469,0.9074829931972789,0.054183150344870416
7,49,15,ABCDEFGHIJKLMNO,0.15,15,10,0,150,0.0,0.857142857142857,0.9074829931972789,0.054183150344870416
7,49,16,ABCDEFGHIJKLMNOP,0.05,5,10,30,160,0.1875,0.9591836734693879,0.909438775510204,0.0624739637564207
7,49,16,ABCDEFGHIJKLMNOP,0.1,10,10,30,160,0.1875,0.8979591836734693,0.909438775510204,0.0624739637564207
7,49,16,ABCDEFGHIJKLMNOP,0.15,15,10,30,160,0.1875,0.857142857142857,0.909438775510204,0.0624739637564207
7,49,17,ABCDEFGHIJKLMNOPQ,0.05,5,10,30,170,0.17647058823529413,0.959183673469388,0.9039615846338537,0.06444689330837719
7,49,17,ABCDEFGHIJKLMNOPQ,0.1,10,10,30,170,0.17647058823529413,0.8979591836734692,0.9039615846338537,0.06444689330837719
7,49,17,ABCDEFGHIJKLMNOPQ,0.15,15,10,30,170,0.17647058823529413,0.857142857142857,0.9039615846338537,0.06444689330837719
7,49,18,ABCDEFGHIJKLMNOPQR,0.05,5,10,40,180,0.2222222222222222,0.9591836734693879,0.909297052154195,0.06638222752065509
7,49,18,ABCDEFGHIJKLMNOPQR,0.1,10,10,40,180,0.2222222222222222,0.8979591836734693,0.909297052154195,0.06638222752065509
7,49,18,ABCDEFGHIJKLMNOPQR,0.15,15,10,40,180,0.2222222222222222,0.8571428571428571,0.909297052154195,0.06638222752065509
7,49,19,ABCDEFGHIJKLMNOPQRS,0.05,5,10,40,190,0.21052631578947367,0.9591836734693877,0.9087003222341566,0.06466129728589651
7,49,19,ABCDEFGHIJKLMNOPQRS,0.1,10,10,40,190,0.21052631578947367,0.8979591836734693,0.9087003222341566,0.06466129728589651
7,49,19,ABCDEFGHIJKLMNOPQRS,0.15,15,10,40,190,0.21052631578947367,0.8571428571428572,0.9087003222341566,0.06466129728589651
7,49,20,ABCDEFGHIJKLMNOPQRST,0.05,5,10,40,200,0.2,0.9591836734693879,0.903061224489796,0.0676477511998662
7,49,20,ABCDEFGHIJKLMNOPQRST,0.1,10,10,40,200,0.2,0.8979591836734693,0.903061224489796,0.0676477511998662
7,49,20,ABCDEFGHIJKLMNOPQRST,0.15,15,10,40,200,0.2,0.8571428571428571,0.903061224489796,0.0676477511998662
7,49,21,ABCDEFGHIJKLMNOPQRSTU,0.05,5,10,40,210,0.19047619047619047,0.9591836734693879,0.9057337220602527,0.0670905951179522
7,49,21,ABCDEFGHIJKLMNOPQRSTU,0.1,10,10,40,210,0.19047619047619047,0.8979591836734693,0.9057337220602527,0.0670905951179522
7,49,21,ABCDEFGHIJKLMNOPQRSTU,0.15,15,10,40,210,0.19047619047619047,0.8571428571428571,0.9057337220602527,0.0670905951179522
7,49,22,ABCDEFGHIJKLMNOPQRSTUV,0.05,5,10,40,220,0.18181818181818182,0.959183673469388,0.9063079777365493,0.06560088017898755
7,49,22,ABCDEFGHIJKLMNOPQRSTUV,0.1,10,10,40,220,0.18181818181818182,0.8979591836734694,0.9063079777365493,0.06560088017898755
7,49,22,ABCDEFGHIJKLMNOPQRSTUV,0.15,15,10,40,220,0.18181818181818182,0.8571428571428572,0.9063079777365493,0.06560088017898755
7,49,23,ABCDEFGHIJKLMNOPQRSTUVW,0.05,5,10,40,230,0.17391304347826086,0.9591836734693879,0.9023957409050577,0.06673148421282402
7,49,23,ABCDEFGHIJKLMNOPQRSTUVW,0.1,10,10,40,230,0.17391304347826086,0.8979591836734693,0.9023957409050577,0.06673148421282402
7,49,23,ABCDEFGHIJKLMNOPQRSTUVW,0.15,15,10,40,230,0.17391304347826086,0.8571428571428572,0.9023957409050577,0.06673148421282402
7,49,24,ABCDEFGHIJKLMNOPQRSTUVWX,0.05,5,10,40,240,0.16666666666666666,0.959183673469388,0.903061224489796,0.06540436912595038
7,49,24,ABCDEFGHIJKLMNOPQRSTUVWX,0.1,10,10,40,240,0.16666666666666666,0.8979591836734694,0.903061224489796,0.06540436912595038
7,49,24,ABCDEFGHIJKLMNOPQRSTUVWX,0.15,15,10,40,240,0.16666666666666666,0.8571428571428572,0.903061224489796,0.06540436912595038
7,49,25,ABCDEFGHIJKLMNOPQRSTUVWXY,0.05,5,10,40,250,0.16,0.9591836734693879,0.9020408163265305,0.06427761529805559
7,49,25,ABCDEFGHIJKLMNOPQRSTUVWXY,0.1,10,10,40,250,0.16,0.8979591836734694,0.9020408163265305,0.06427761529805559
7,49,25,ABCDEFGHIJKLMNOPQRSTUVWXY,0.15,15,10,40,250,0.16,0.8571428571428571,0.9020408163265305,0.06427761529805559
7,49,26,ABCDEFGHIJKLMNOPQRSTUVWXYZ,0.05,5,10,40,260,0.15384615384615385,0.9591836734693879,0.8995290423861853,0.06426841284288451
7,49,26,ABCDEFGHIJKLMNOPQRSTUVWXYZ,0.1,10,10,40,260,0.15384615384615385,0.8979591836734694,0.8995290423861853,0.06426841284288451
7,49,26,ABCDEFGHIJKLMNOPQRSTUVWXYZ,0.15,15,10,40,260,0.15384615384615385,0.8571428571428571,0.8995290423861853,0.06426841284288451
10,100,1,A,0.05,5,10,10,10,1.0,0.9499999999999998,1.0,0.0
10,100,1,A,0.1,10,10,10,10,1.0,0.9,1.0,0.0
10,100,1,A,0.15,15,10,10,10,1.0,0.85,1.0,0.0
10,100,2,AB,0.05,5,10,20,20,1.0,0.9499999999999998,1.0,0.0
10,100,2,AB,0.1,10,10,20,20,1.0,0.8999999999999998,1.0,0.0
10,100,2,AB,0.15,15,10,20,20,1.0,0.85,1.0,0.0
10,100,3,ABC,0.05,5,10,0,30,0.0,0.9499999999999997,0.9266666666666669,0.024944382578492914
10,100,3,ABC,0.1,10,10,0,30,0.0,0.8999999999999998,0.9266666666666669,0.024944382578492914
10,100,3,ABC,0.15,15,10,0,30,0.0,0.8500000000000002,0.9266666666666669,0.024944382578492914
10,100,4,ABCD,0.05,5,10,10,40,0.25,0.95,0.925,0.05024937810560445
10,100,4,ABCD,0.1,10,10,10,40,0.25,0.9,0.925,0.05024937810560445
10,100,4,ABCD,0.15,15,10,9,40,0.225,0.85,0.9235,0.04947474103014588
10,100,5,ABCDE,0.05,5,10,0,50,0.0,0.9500000000000002,0.9219999999999999,0.041182520563947986
10,100,5,ABCDE,0.1,10,10,0,50,0.0,0.9,0.9219999999999999,0.041182520563947986
10,100,5,ABCDE,0.15,15,10,0,50,0.0,0.85,0.9219999999999999,0.041182520563947986
10,100,6,ABCDEF,0.05,5,10,10,60,0.16666666666666666,0.9500000000000003,0.9233333333333333,0.055876848714134036
10,100,6,ABCDEF,0.1,10,10,10,60,0.16666666666666666,0.9,0.9233333333333333,0.055876848714134036
10,100,6,ABCDEF,0.15,15,10,10,60,0.16666666666666666,0.85,0.9233333333333333,0.055876848714134036
10,100,7,ABCDEFG,0.05,5,10,0,70,0.0,0.9500000000000002,0.9171428571428569,0.0419912527334259
10,100,7,ABCDEFG,0.1,10,10,0,70,0.0,0.9,0.9171428571428569,0.0419912527334259
10,100,7,ABCDEFG,0.15,15,10,0,70,0.0,0.85,0.9171428571428569,0.0419912527334259
10,100,8,ABCDEFGH,0.05,5,10,0,80,0.0,0.95,0.90625,0.048717938174762686
10,100,8,ABCDEFGH,0.1,10,10,0,80,0.0,0.9000000000000001,0.90625,0.048717938174762686
10,100,8,ABCDEFGH,0.15,15,10,0,80,0.0,0.8499999999999999,0.90625,0.048717938174762686
10,100,9,ABCDEFGHI,0.05,5,10,0,90,0.0,0.95,0.9011111111111111,0.04817662975261954
10,100,9,ABCDEFGHI,0.1,10,10,0,90,0.0,0.9000000000000004,0.9011111111111111,0.04817662975261954
10,100,9,ABCDEFGHI,0.15,15,10,0,90,0.0,0.8499999999999996,0.9011111111111111,0.04817662975261954
10,100,10,ABCDEFGHIJ,0.05,5,10,10,100,0.1,0.95,0.8919999999999999,0.06029925372672533
10,100,10,ABCDEFGHIJ,0.1,10,10,10,100,0.1,0.9000000000000005,0.8919999999999999,0.06029925372672533
10,100,10,ABCDEFGHIJ,0.15,15,10,10,100,0.1,0.8499999999999995,0.8919999999999999,0.06029925372672533
10,100,11,ABCDEFGHIJK,0.05,5,10,0,110,0.0,0.95,0.8927272727272726,0.04091919067246144
10,100,11,ABCDEFGHIJK,0.1,10,10,0,110,0.0,0.9000000000000005,0.8927272727272726,0.04091919067246144
10,100,11,ABCDEFGHIJK,0.15,15,10,0,110,0.0,0.8499999999999995,0.8927272727272726,0.04091919067246144
10,100,12,ABCDEFGHIJKL,0.05,5,10,10,120,0.08333333333333333,0.9499999999999997,0.8949999999999999,0.05909032633745277
10,100,12,ABCDEFGHIJKL,0.1,10,10,10,120,0.08333333333333333,0.9000000000000002,0.8949999999999999,0.05909032633745277
10,100,12,ABCDEFGHIJKL,0.15,15,10,10,120,0.08333333333333333,0.8499999999999998,0.8949999999999999,0.05909032633745277
10,100,13,ABCDEFGHIJKLM,0.05,5,10,10,130,0.07692307692307693,0.9500000000000001,0.8838461538461538,0.06867296652512504
10,100,13,ABCDEFGHIJKLM,0.1,10,10,10,130,0.07692307692307693,0.9000000000000001,0.8838461538461538,0.06867296652512504
10,100,13,ABCDEFGHIJKLM,0.15,15,10,10,130,0.07692307692307693,0.8499999999999999,0.8838461538461538,0.06867296652512504
10,100,14,ABCDEFGHIJKLMN,0.05,5,10,0,140,0.0,0.9500000000000002,0.8807142857142856,0.05775122580199187
10,100,14,ABCDEFGHIJKLMN,0.1,10,10,0,140,0.0,0.9000000000000004,0.8807142857142856,0.05775122580199187
10,100,14,ABCDEFGHIJKLMN,0.15,15,10,0,140,0.0,0.8499999999999999,0.8807142857142856,0.05775122580199187
10,100,15,ABCDEFGHIJKLMNO,0.05,5,10,0,150,0.0,0.9500000000000002,0.8786666666666667,0.05584104424365847
10,100,15,ABCDEFGHIJKLMNO,0.1,10,10,0,150,0.0,0.9000000000000004,0.8786666666666667,0.05584104424365847
10,100,15,ABCDEFGHIJKLMNO,0.15,15,10,0,150,0.0,0.8499999999999998,0.8786666666666667,0.05584104424365847
10,100,16,ABCDEFGHIJKLMNOP,0.05,5,10,0,160,0.0,0.95,0.8806249999999999,0.056177036011167414
10,100,16,ABCDEFGHIJKLMNOP,0.1,10,10,0,160,0.0,0.9000000000000001,0.8806249999999999,0.056177036011167414
10,100,16,ABCDEFGHIJKLMNOP,0.15,15,10,0,160,0.0,0.8499999999999999,0.8806249999999999,0.056177036011167414
10,100,17,ABCDEFGHIJKLMNOPQ,0.05,5,10,0,170,0.0,0.95,0.8794117647058823,0.05351971470020833
10,100,17,ABCDEFGHIJKLMNOPQ,0.1,10,10,0,170,0.0,0.9000000000000004,0.8794117647058823,0.05351971470020833
10,100,17,ABCDEFGHIJKLMNOPQ,0.15,15,10,0,170,0.0,0.8499999999999996,0.8794117647058823,0.05351971470020833
10,100,18,ABCDEFGHIJKLMNOPQR,0.05,5,10,0,180,0.0,0.95,0.882777777777778,0.04793578523580105
10,100,18,ABCDEFGHIJKLMNOPQR,0.1,10,10,0,180,0.0,0.9000000000000004,0.882777777777778,0.04793578523580105
10,100,18,ABCDEFGHIJKLMNOPQR,0.15,15,10,0,180,0.0,0.8499999999999996,0.882777777777778,0.04793578523580105
10,100,19,ABCDEFGHIJKLMNOPQRS,0.05,5,10,0,190,0.0,0.95,0.8863157894736841,0.04814567000433377
10,100,19,ABCDEFGHIJKLMNOPQRS,0.1,10,10,0,190,0.0,0.9000000000000002,0.8863157894736841,0.04814567000433377
10,100,19,ABCDEFGHIJKLMNOPQRS,0.15,15,10,0,190,0.0,0.8499999999999998,0.8863157894736841,0.04814567000433377
10,100,20,ABCDEFGHIJKLMNOPQRST,0.05,5,10,0,200,0.0,0.9499999999999998,0.8844999999999998,0.048731406710662485
10,100,20,ABCDEFGHIJKLMNOPQRST,0.1,10,10,0,200,0.0,0.9000000000000002,0.8844999999999998,0.048731406710662485
10,100,20,ABCDEFGHIJKLMNOPQRST,0.15,15,10,0,200,0.0,0.8499999999999998,0.8844999999999998,0.048731406710662485
10,100,21,ABCDEFGHIJKLMNOPQRSTU,0.05,5,10,0,210,0.0,0.9499999999999998,0.8866666666666666,0.04744252997884547
10,100,21,ABCDEFGHIJKLMNOPQRSTU,0.1,10,10,0,210,0.0,0.9000000000000002,0.8866666666666666,0.04744252997884547
10,100,21,ABCDEFGHIJKLMNOPQRSTU,0.15,15,10,0,210,0.0,0.8499999999999998,0.8866666666666666,0.04744252997884547
10,100,22,ABCDEFGHIJKLMNOPQRSTUV,0.05,5,10,0,220,0.0,0.9499999999999998,0.8854545454545454,0.04755162483862554
10,100,22,ABCDEFGHIJKLMNOPQRSTUV,0.1,10,10,0,220,0.0,0.9000000000000002,0.8854545454545454,0.04755162483862554
10,100,22,ABCDEFGHIJKLMNOPQRSTUV,0.15,15,10,0,220,0.0,0.8499999999999998,0.8854545454545454,0.04755162483862554
10,100,23,ABCDEFGHIJKLMNOPQRSTUVW,0.05,5,10,0,230,0.0,0.9499999999999998,0.8786956521739131,0.055584197615641345
10,100,23,ABCDEFGHIJKLMNOPQRSTUVW,0.1,10,10,0,230,0.0,0.9000000000000004,0.8786956521739131,0.055584197615641345
10,100,23,ABCDEFGHIJKLMNOPQRSTUVW,0.15,15,10,0,230,0.0,0.8499999999999996,0.8786956521739131,0.055584197615641345
10,100,24,ABCDEFGHIJKLMNOPQRSTUVWX,0.05,5,10,0,240,0.0,0.9499999999999997,0.8787499999999999,0.05441449714919729
10,100,24,ABCDEFGHIJKLMNOPQRSTUVWX,0.1,10,10,0,240,0.0,0.9000000000000002,0.8787499999999999,0.05441449714919729
10,100,24,ABCDEFGHIJKLMNOPQRSTUVWX,0.15,15,10,0,240,0.0,0.8499999999999998,0.8787499999999999,0.05441449714919729
10,100,25,ABCDEFGHIJKLMNOPQRSTUVWXY,0.05,5,10,0,250,0.0,0.95,0.878,0.05344155686354955
10,100,25,ABCDEFGHIJKLMNOPQRSTUVWXY,0.1,10,10,0,250,0.0,0.9000000000000002,0.878,0.05344155686354955
10,100,25,ABCDEFGHIJKLMNOPQRSTUVWXY,0.15,15,10,0,250,0.0,0.8499999999999998,0.878,0.05344155686354955
10,100,26,ABCDEFGHIJKLMNOPQRSTUVWXYZ,0.05,5,10,0,260,0.0,0.9499999999999998,0.8788461538461538,0.0525742641835135
10,100,26,ABCDEFGHIJKLMNOPQRSTUVWXYZ,0.1,10,10,0,260,0.0,0.9000000000000002,0.8788461538461538,0.0525742641835135
10,100,26,ABCDEFGHIJKLMNOPQRSTUVWXYZ,0.15,15,10,0,260,0.0,0.8499999999999998,0.8788461538461538,0.0525742641835135
15,225,1,A,0.05,5,10,10,10,1.0,0.9511111111111111,1.0,0.0
15,225,1,A,0.1,10,10,10,10,1.0,0.9022222222222224,1.0,0.0
15,225,1,A,0.15,15,10,10,10,1.0,0.8488888888888889,1.0,0.0
15,225,2,AB,0.05,5,10,20,20,1.0,0.9511111111111111,1.0,0.0
15,225,2,AB,0.1,10,10,20,20,1.0,0.9022222222222223,1.0,0.0
15,225,2,AB,0.15,15,10,20,20,1.0,0.8488888888888889,1.0,0.0
15,225,3,ABC,0.05,5,10,0,30,0.0,0.951111111111111,0.9303703703703706,0.029106492895390378
15,225,3,ABC,0.1,10,10,0,30,0.0,0.9022222222222221,0.9303703703703706,0.029106492895390378
15,225,3,ABC,0.15,15,10,0,30,0.0,0.8488888888888891,0.9303703703703706,0.029106492895390378
15,225,4,ABCD,0.05,5,10,0,40,0.0,0.9511111111111111,0.9277777777777778,0.05446711546122734
15,225,4,ABCD,0.1,10,10,0,40,0.0,0.9022222222222223,0.9277777777777778,0.05446711546122734
15,225,4,ABCD,0.15,15,10,0,40,0.0,0.8488888888888889,0.9277777777777778,0.05446711546122734
15,225,5,ABCDE,0.05,5,10,0,50,0.0,0.9511111111111111,0.9271111111111111,0.028333115467571963
15,225,5,ABCDE,0.1,10,10,0,50,0.0,0.9022222222222221,0.9271111111111111,0.028333115467571963
15,225,5,ABCDE,0.15,15,10,0,50,0.0,0.8488888888888888,0.9271111111111111,0.028333115467571963
15,225,6,ABCDEF,0.05,5,10,0,60,0.0,0.9511111111111111,0.9422222222222223,0.05119156309087702
15,225,6,ABCDEF,0.1,10,10,0,60,0.0,0.9022222222222221,0.9422222222222223,0.05119156309087702
15,225,6,ABCDEF,0.15,15,10,0,60,0.0,0.8488888888888888,0.9425925925925926,0.050494129009934205
15,225,7,ABCDEFG,0.05,5,10,0,70,0.0,0.9511111111111114,0.925079365079365,0.029617533434134858
15,225,7,ABCDEFG,0.1,10,10,0,70,0.0,0.902222222222222,0.925079365079365,0.029617533434134858
15,225,7,ABCDEFG,0.15,15,10,0,70,0.0,0.8488888888888888,0.925079365079365,0.029617533434134858
15,225,8,ABCDEFGH,0.05,5,10,0,80,0.0,0.9511111111111111,0.925,0.03934259150301158
15,225,8,ABCDEFGH,0.1,10,10,0,80,0.0,0.9022222222222223,0.925,0.03934259150301158
15,225,8,ABCDEFGH,0.15,15,10,0,80,0.0,0.848888888888889,0.9248333333333335,0.03914640926093594
15,225,9,ABCDEFGHI,0.05,5,10,0,90,0.0,0.9511111111111112,0.9096296296296296,0.041692584531763825
15,225,9,ABCDEFGHI,0.1,10,10,0,90,0.0,0.9022222222222223,0.9096296296296296,0.041692584531763825
15,225,9,ABCDEFGHI,0.15,15,10,0,90,0.0,0.8488888888888891,0.9096296296296296,0.041692584531763825
15,225,10,ABCDEFGHIJ,0.05,5,10,0,100,0.0,0.9511111111111112,0.9121777777777776,0.05291734061979687
15,225,10,ABCDEFGHIJ,0.1,10,10,0,100,0.0,0.9022222222222223,0.9119111111111111,0.052720104160709394
15,225,10,ABCDEFGHIJ,0.15,15,10,0,100,0.0,0.8488888888888891,0.9122666666666666,0.05279588461327989
15,225,11,ABCDEFGHIJK,0.05,5,10,0,110,0.0,0.9511111111111114,0.8977777777777777,0.046690710496726365
15,225,11,ABCDEFGHIJK,0.1,10,10,0,110,0.0,0.9022222222222223,0.8977777777777777,0.046690710496726365
15,225,11,ABCDEFGHIJK,0.15,15,10,0,110,0.0,0.8488888888888891,0.8977777777777777,0.046690710496726365
15,225,12,ABCDEFGHIJKL,0.05,5,10,0,120,0.0,0.9511111111111109,0.9074074074074073,0.04727411817958179
15,225,12,ABCDEFGHIJKL,0.1,10,10,0,120,0.0,0.9022222222222225,0.9074074074074073,0.04727411817958179
15,225,12,ABCDEFGHIJKL,0.15,15,10,0,120,0.0,0.8488888888888888,0.9069629629629629,0.04718140574432872
15,225,13,ABCDEFGHIJKLM,0.05,5,10,0,130,0.0,0.9511111111111112,0.8878632478632479,0.05603292604556059
15,225,13,ABCDEFGHIJKLM,0.1,10,10,0,130,0.0,0.9022222222222221,0.8878632478632479,0.05603292604556059
15,225,13,ABCDEFGHIJKLM,0.15,15,10,0,130,0.0,0.848888888888889,0.8878632478632479,0.05603292604556059
15,225,14,ABCDEFGHIJKLMN,0.05,5,10,0,140,0.0,0.9511111111111114,0.8857142857142857,0.05719926668980423
15,225,14,ABCDEFGHIJKLMN,0.1,10,10,0,140,0.0,0.9022222222222221,0.8857142857142857,0.05719926668980423
15,225,14,ABCDEFGHIJKLMN,0.15,15,10,0,140,0.0,0.848888888888889,0.8857142857142857,0.05719926668980423
15,225,15,ABCDEFGHIJKLMNO,0.05,5,10,0,150,0.0,0.9511111111111115,0.8874074074074074,0.05295337908625802
15,225,15,ABCDEFGHIJKLMNO,0.1,10,10,0,150,0.0,0.9022222222222221,0.8874074074074074,0.05295337908625802
15,225,15,ABCDEFGHIJKLMNO,0.15,15,10,0,150,0.0,0.8488888888888891,0.8874074074074074,0.05295337908625802
15,225,16,ABCDEFGHIJKLMNOP,0.05,5,10,0,160,0.0,0.9511111111111111,0.8877777777777777,0.054602943890247176
15,225,16,ABCDEFGHIJKLMNOP,0.1,10,10,0,160,0.0,0.9022222222222223,0.8877777777777777,0.054602943890247176
15,225,16,ABCDEFGHIJKLMNOP,0.15,15,10,0,160,0.0,0.848888888888889,0.8877777777777777,0.054602943890247176
15,225,17,ABCDEFGHIJKLMNOPQ,0.05,5,10,0,170,0.0,0.9511111111111111,0.8852287581699346,0.052014975646309594
15,225,17,ABCDEFGHIJKLMNOPQ,0.1,10,10,0,170,0.0,0.9022222222222224,0.8852287581699346,0.052014975646309594
15,225,17,ABCDEFGHIJKLMNOPQ,0.15,15,10,0,170,0.0,0.848888888888889,0.8852287581699346,0.052014975646309594
15,225,18,ABCDEFGHIJKLMNOPQR,0.05,5,10,0,180,0.0,0.9511111111111112,0.885679012345679,0.05660355828521005
15,225,18,ABCDEFGHIJKLMNOPQR,0.1,10,10,0,180,0.0,0.9022222222222223,0.885679012345679,0.05660355828521005
15,225,18,ABCDEFGHIJKLMNOPQR,0.15,15,10,0,180,0.0,0.8488888888888891,0.885679012345679,0.05660355828521005
15,225,19,ABCDEFGHIJKLMNOPQRS,0.05,5,10,0,190,0.0,0.9511111111111112,0.8895906432748537,0.05483771382197681
15,225,19,ABCDEFGHIJKLMNOPQRS,0.1,10,10,0,190,0.0,0.9022222222222221,0.8895906432748537,0.05483771382197681
15,225,19,ABCDEFGHIJKLMNOPQRS,0.15,15,10,0,190,0.0,0.8488888888888892,0.8895906432748537,0.05483771382197681
15,225,20,ABCDEFGHIJKLMNOPQRST,0.05,5,10,0,200,0.0,0.951111111111111,0.8871111111111111,0.05453099696163302
15,225,20,ABCDEFGHIJKLMNOPQRST,0.1,10,10,0,200,0.0,0.9022222222222223,0.8871111111111111,0.05453099696163302
15,225,20,ABCDEFGHIJKLMNOPQRST,0.15,15,10,0,200,0.0,0.8488888888888888,0.8871111111111111,0.05453099696163302
15,225,21,ABCDEFGHIJKLMNOPQRSTU,0.05,5,10,0,210,0.0,0.951111111111111,0.8886772486772487,0.05328880311145143
15,225,21,ABCDEFGHIJKLMNOPQRSTU,0.1,10,10,0,210,0.0,0.9022222222222224,0.8886772486772487,0.05328880311145143
15,225,21,ABCDEFGHIJKLMNOPQRSTU,0.15,15,10,0,210,0.0,0.8488888888888889,0.8886772486772487,0.05328880311145143
15,225,22,ABCDEFGHIJKLMNOPQRSTUV,0.05,5,10,0,220,0.0,0.9511111111111111,0.8866666666666668,0.05513375227327302
15,225,22,ABCDEFGHIJKLMNOPQRSTUV,0.1,10,10,0,220,0.0,0.9022222222222225,0.8866666666666668,0.05513375227327302
15,225,22,ABCDEFGHIJKLMNOPQRSTUV,0.15,15,10,0,220,0.0,0.848888888888889,0.8866666666666668,0.05513375227327302
15,225,23,ABCDEFGHIJKLMNOPQRSTUVW,0.05,5,10,0,230,0.0,0.9511111111111111,0.8809661835748793,0.05821398358554524
15,225,23,ABCDEFGHIJKLMNOPQRSTUVW,0.1,10,10,0,230,0.0,0.9022222222222224,0.8809661835748793,0.05821398358554524
15,225,23,ABCDEFGHIJKLMNOPQRSTUVW,0.15,15,10,0,230,0.0,0.848888888888889,0.8809661835748793,0.05821398358554524
15,225,24,ABCDEFGHIJKLMNOPQRSTUVWX,0.05,5,10,0,240,0.0,0.9511111111111109,0.8801851851851852,0.0538016348469868
15,225,24,ABCDEFGHIJKLMNOPQRSTUVWX,0.1,10,10,0,240,0.0,0.9022222222222225,0.8801851851851852,0.0538016348469868
15,225,24,ABCDEFGHIJKLMNOPQRSTUVWX,0.15,15,10,0,240,0.0,0.8488888888888888,0.8801851851851852,0.0538016348469868
15,225,25,ABCDEFGHIJKLMNOPQRSTUVWXY,0.05,5,10,0,250,0.0,0.9511111111111111,0.8785777777777778,0.05316595959125781
15,225,25,ABCDEFGHIJKLMNOPQRSTUVWXY,0.1,10,10,0,250,0.0,0.9022222222222223,0.8785777777777778,0.05316595959125781
15,225,25,ABCDEFGHIJKLMNOPQRSTUVWXY,0.15,15,10,0,250,0.0,0.8488888888888889,0.8785777777777778,0.05316595959125781
15,225,26,ABCDEFGHIJKLMNOPQRSTUVWXYZ,0.05,5,10,0,260,0.0,0.9511111111111111,0.8794871794871795,0.052331428612543175
15,225,26,ABCDEFGHIJKLMNOPQRSTUVWXYZ,0.1,10,10,0,260,0.0,0.9022222222222223,0.8794871794871795,0.052331428612543175
15,225,26,ABCDEFGHIJKLMNOPQRSTUVWXYZ,0.15,15,10,0,260,0.0,0.8488888888888889,0.8794871794871795,0.052331428612543175
